train_loss,train_acc,val_loss,val_acc
1.720322473732102,0.38388,1.604218479934012,0.4272
